date,title,channel,views,likes,comments
2026-04-05 18:40:50,"Rama | Namit Malhotra’s Ramayana | Nitesh Tiwari | Ranbir, Yash, Hans Zimmer & A.R. Rahman",Sony Music India,7329907,205566,20456
2026-04-05 18:40:50,Love Insurance Kompany - Trailer | Pradeep Ranganathan | Anirudh | Vignesh Shivan | Krithi Shetty,Sony Music South,10549926,141310,4625
2026-04-05 18:40:50,Minecraft But You Can Mine 1 BILLION Blocks!,ProBoiz 95,1234573,34778,4084
2026-04-05 18:40:50,#Raushan Rohi - कमरिया प काटा | #4kvideo #रंगदारी | #Srishti Bharti | #Shivani | Maghi Rangdari Song,Raushan Rohi Entertainment,895830,43445,2924
2026-04-05 18:40:50,Dacoit Trailer (Telugu) | Adivi Sesh | Mrunal Thakur | Anurag Kashyap | Shaneil | Apr 10 In Theaters,Annapurna Studios,5123100,285015,1163
2026-04-05 18:40:50,"SURVIVING ₹1,00,000 MINECRAFT CHALLENGE",Ujjwal,1513752,77227,7052
2026-04-05 18:40:50,Pardesi Pardesi Jana Nahi - Lyrical | Aamir | Karisma | Udit Narayan | Alka Yagnik | Raja Hindustani,Bollywood_Music_Lounge,659414,2072,22
2026-04-05 18:40:50,Patriot Malayalam Trailer | Mammootty | Mohanlal | Mahesh Narayanan | Anto Joseph,Anto Joseph Film Company,2792506,102926,7568
2026-04-05 18:40:50,Adopting Doorbin in Minecraft..,Carry Depie,818747,18899,837
2026-04-05 18:40:50,#Video | बेलोरवा रोकी दे | #Aashish Yadav का नया दर्द भरा गीत | Belorwa Roki De | #New Sad Song 2026,Sonam Music,278426,16968,780
2026-04-05 18:40:50,Patriot (2026) | Trailer Reaction | Mammukka & Lalettan  | Malayalam,LifeofShazzam,268743,16488,803
2026-04-05 18:40:50,GTA 5 LIVE  #gta5 #gtav #gaming,PAJI IS LIVE,1198202,3711,0
2026-04-05 18:40:50,#Video | नईहर जाईब ऐ राजा | #Ankush Raja | #Shivani Singh | #Astha Singh | Bhojpuri Song New,Ankush Raja Official,853112,9830,315
2026-04-05 18:40:50,"Toaster | Official Trailer | Rajkummar Rao, Sanya Malhotra | Netflix India",Netflix India,4968691,26519,849
2026-04-05 18:40:50,Biggest GIRL streamer VS Satvik CRAZY FIGHT ,SATVIK,415430,18149,1754
2026-04-05 18:40:50,"Dil Kehta Hai Chal Unse Mil - 4K Video Song | Kumar Sanu, Alka Yagnik | Aamir Khan, Manisha Koirala",MusicBird Studio,471041,1003,14
2026-04-05 18:40:50,Nooru Sami - Official Teaser | Vijay Antony | Swasika |Ajay Dhishan|Lijomol Jose| Balaji Sriram|Sasi,Think Music India,255808,11236,227
2026-04-05 18:40:50,9 Best Ways to Found Diamonds in Minecraft..,Karry Kraft,422383,6734,366
2026-04-05 18:40:50,#Video | चुभ चुभ गड़े | #Khesari Lal Yadav | Jobanwa Chubh Chubh Gade Choliya Me | Bhojpuri Song 2026,GMJ - Global Music Junction - Bhojpuri,726141,63536,5434
2026-04-05 18:40:50,Pallichattambi Official Trailer - Malayalam | Tovino Thomas | Dijo Jose Antony | World Wide Films,Sony Music Malayalam,368195,19670,775
2026-04-05 18:40:50,Franklin & Shinchan Found a SECRET Super Bike Garage in GTA 5 Telugu | Dhanu Dino,DHANU DINO,148515,3133,92
2026-04-05 18:40:50,Woh Tassavur Ka Aalam | Woh Pyaar Pyaar Pyaar | Udit & Alka | Aitraaz | Hindi Song,Melody Songs Box,187975,539,2
2026-04-05 18:40:50,Youth Success Trailer | Ken Karunaas | Gv Prakash | Suraj Venjaramoodu ,G.V. Prakash Kumar,558916,13154,241
2026-04-05 18:40:50,THIS  GAME  WILL  RAGEBAIT  YOU,BeastBoyShub,109658,15768,1676
2026-04-05 18:40:50,Jailkhanwa Leli Janwa (जेलखनवा लेली जनवा) | JAILSTAR Movie Song | Raushan Rohi | Official Video 2026,Bhumi Original,541048,32886,1607
2026-04-05 18:40:50,PATRIOT Official Trailer Reaction | Mammootty Mohanlal Mahesh Narayanan | Entertainment Kizhi,Entertainment Kizhi,66166,3178,488
2026-04-05 18:40:50,#1 EK SAPNA? | CONQUEROR OR WHAT | BGMI + Xtreme 125R/160R Review,LoLzZz Gaming,418211,23404,40
2026-04-05 18:40:50,BTS (방탄소년단) '2.0' Official MV,HYBE LABELS,26433830,3235263,215241
2026-04-05 18:40:50,Namit Malhotra’s Ramayana Rama Trailer • Reaction,thePJ,804792,44597,3959
2026-04-05 18:40:50,Tiny Colourful Superhero Zombie Franklin Vs Tiny Colourful Colossal Titan in Indian Bike Driving 3D,NpsDude,233911,462,5
2026-04-05 18:40:50,"#Video - चोली के समान - #Ashish Yadav, Khushi Kakkar का आ गया लगन का सबसे ब्लास्ट - New #Magahi Song",Aashish Yadav Dhamaka,567934,2449,53
2026-04-05 18:40:50,Ramayana Rama Teaser Breakdown,FlickVerse,800718,43428,5391
2026-04-05 18:40:50,🔥GRANNY 1 KHELE 🔥 #shortsfeed #shortslive #chainedtogethergame #shorts #live #wormateio,VISHDEE is LIVE,383845,4119,1
2026-04-05 18:40:50,"Tamma Tamma (Lyrical) | Dhurandhar The Revenge |Ranveer Singh|Bappi Lahiri,Anuradha Paudwal,Indeevar",T-Series,1681888,21965,591
2026-04-05 18:40:50,Patriot Malayalam Trailer Reaction by u@UnniVlogs | Mammootty Mohanlal Mahesh Narayanan AntoJoseph,Unni Vlogs Cinephile,63070,1761,160
2026-04-05 18:40:50,How I Hosted the Hardest Tournament in Minecraft,SenpaiExtras,251320,17874,1683
2026-04-05 18:40:50,BTS '2.0' MV Behind the Scenes,BANGTANTV,775377,200445,8722
2026-04-05 18:40:50,Oru Durooha Saahacharyathil Official Trailer | Kunchacko Boban | Sajin Gopu | Ratheesh Balakrishnan,Magic Frames,656488,15475,526
2026-04-05 18:40:50,GTA 5 : Franklin Gifting Shinchan & Doraemon Their Dream Island in GTA 5 in Telugu,Pennem Star,138111,2326,36
2026-04-05 18:40:50,Akh Mastani | Ranjit Bawa | Bunty Bains | Desi Crew | Ronak Joshi | New Punjabi Song 2026,Speed Records,177652,2610,111
2026-04-05 18:40:50,Dreamland Season 2 (Official Trailer) Raj S Jhinjar | Dimple Bhullar | New Punjabi Web Series 2026,Brown String Records,112949,4878,1299
2026-04-05 18:40:50,NEW APRIL FOOL MODE IN GRANNY NEW UPDATE 😱! ,JENI GAMING,234551,9234,958
2026-04-05 18:40:50,#Video | #Khesari Lal Yadav | शहरिया | #Shilpi Raj | Akansha Puri | Shahariya | Bhojpuri Song 2026,Shrishti,133884,1086,19
2026-04-05 18:40:50,"Raja Shivaji Teaser: Chhaava शी तुलना, Riteish Deshmukh Look चर्चेत, राजा शिवाजी सिनेमा गाजणार का ?",BolBhidu,49293,914,470
2026-04-05 18:40:50,SONIC FORGOT TO STOP RECORDING IN ROBLOX !!,Shivang Mini,375258,9460,7069
2026-04-05 18:40:50,HAPPY BIRTHDAY | Armaan Malik | Payal Malik | Kritika Malik | New Haryanvi Song | 2026,Number 1 Records,255168,15643,1048
2026-04-05 18:40:50,Namit Malhotra’s Ramayana Rama Trailer Review,PJ Explained,626843,32030,3104
2026-04-05 18:40:50,Flatbed Truck Mcqueen  | Transportation with Truck - Pothole vs Car #574 - BeamNG.Drive,Mcqueen VS,306791,9328,196
2026-04-05 18:40:50,#Video | साड़ी के मोतिया झरी गेल | #Bhai Ji | #Shrishti | Sadi Ke Motiya Jhari Gel | New Song 2026,Dhokhebaj Entertainment,216653,1574,22
2026-04-05 18:40:50,Kathanar -Official Trailer (Malayalam) | Jayasurya | Anushka Shetty | Rojin Thomas | Gokulam Gopalan,Sree Gokulam Movies,3473108,111970,6920
2026-04-05 18:07:59,"Rama | Namit Malhotra’s Ramayana | Nitesh Tiwari | Ranbir, Yash, Hans Zimmer & A.R. Rahman",Sony Music India,7510748,208085,21066
2026-04-05 18:07:59,Love Insurance Kompany - Trailer | Pradeep Ranganathan | Anirudh | Vignesh Shivan | Krithi Shetty,Sony Music South,13147652,148426,4890
2026-04-05 18:07:59,Minecraft But You Can Mine 1 BILLION Blocks!,ProBoiz 95,1482704,38052,4324
2026-04-05 18:07:59,#Raushan Rohi - कमरिया प काटा | #4kvideo #रंगदारी | #Srishti Bharti | #Shivani | Maghi Rangdari Song,Raushan Rohi Entertainment,1018058,45666,3030
2026-04-05 18:07:59,Dacoit Trailer (Telugu) | Adivi Sesh | Mrunal Thakur | Anurag Kashyap | Shaneil | Apr 10 In Theaters,Annapurna Studios,5925854,285436,1209
2026-04-05 18:07:59,"SURVIVING ₹1,00,000 MINECRAFT CHALLENGE",Ujjwal,1676920,80828,7302
2026-04-05 18:07:59,Pardesi Pardesi Jana Nahi - Lyrical | Aamir | Karisma | Udit Narayan | Alka Yagnik | Raja Hindustani,Bollywood_Music_Lounge,771820,2286,25
2026-04-05 18:07:59,Patriot Malayalam Trailer | Mammootty | Mohanlal | Mahesh Narayanan | Anto Joseph,Anto Joseph Film Company,3073008,107621,7857
2026-04-05 18:07:59,Adopting Doorbin in Minecraft..,Carry Depie,919433,19934,872
2026-04-05 18:07:59,#Video | बेलोरवा रोकी दे | #Aashish Yadav का नया दर्द भरा गीत | Belorwa Roki De | #New Sad Song 2026,Sonam Music,313317,17864,810
2026-04-05 18:07:59,Pallichattambi Official Trailer - Malayalam | Tovino Thomas | Dijo Jose Antony | World Wide Films,Sony Music Malayalam,695308,33161,1048
2026-04-05 18:07:59,GTA 5 LIVE  #gta5 #gtav #gaming,PAJI IS LIVE,1198005,3688,0
2026-04-05 18:07:59,#Video | नईहर जाईब ऐ राजा | #Ankush Raja | #Shivani Singh | #Astha Singh | Bhojpuri Song New,Ankush Raja Official,973371,10518,329
2026-04-05 18:07:59,Patriot (2026) | Trailer Reaction | Mammukka & Lalettan  | Malayalam,LifeofShazzam,286112,17048,826
2026-04-05 18:07:59,🔴[Live Free Fire New Rank Season Rank Push Live !!,VISHNU RAJPUT GAMING,812120,14291,14
2026-04-05 18:07:59,"Dil Kehta Hai Chal Unse Mil - 4K Video Song | Kumar Sanu, Alka Yagnik | Aamir Khan, Manisha Koirala",MusicBird Studio,581318,1152,15
2026-04-05 18:07:59,"Toaster | Official Trailer | Rajkummar Rao, Sanya Malhotra | Netflix India",Netflix India,5768623,29124,928
2026-04-05 18:07:59,Biggest GIRL streamer VS Satvik CRAZY FIGHT ,SATVIK,536116,21485,1946
2026-04-05 18:07:59,#Video | चुभ चुभ गड़े | #Khesari Lal Yadav | Jobanwa Chubh Chubh Gade Choliya Me | Bhojpuri Song 2026,GMJ - Global Music Junction - Bhojpuri,950218,65565,5548
2026-04-05 18:07:59,Nooru Sami - Official Teaser | Vijay Antony | Swasika |Ajay Dhishan|Lijomol Jose| Balaji Sriram|Sasi,Think Music India,291339,12027,253
2026-04-05 18:07:59,Franklin & Shinchan Found a SECRET Super Bike Garage in GTA 5 Telugu | Dhanu Dino,DHANU DINO,182818,3580,100
2026-04-05 18:07:59,#Video | जेल यात्रा | #Raushan Rohi | Jail Yatra | #Maghi Rangdari Song 2026,Vocal Records,56795,201,2
2026-04-05 18:07:59,Youth Success Trailer | Ken Karunaas | Gv Prakash | Suraj Venjaramoodu ,G.V. Prakash Kumar,597128,13379,248
2026-04-05 18:07:59,THIS  GAME  WILL  RAGEBAIT  YOU,BeastBoyShub,234363,23663,2031
2026-04-05 18:07:59,Akh Mastani | Ranjit Bawa | Bunty Bains | Desi Crew | Ronak Joshi | New Punjabi Song 2026,Speed Records,384610,3974,141
2026-04-05 18:07:59,Dreamland Season 2 (Official Trailer) Raj S Jhinjar | Dimple Bhullar | New Punjabi Web Series 2026,Brown String Records,176136,6279,2290
2026-04-05 18:07:59,9 Best Ways to Found Diamonds in Minecraft..,Karry Kraft,478062,7151,370
2026-04-05 18:07:59,Woh Tassavur Ka Aalam | Woh Pyaar Pyaar Pyaar | Udit & Alka | Aitraaz | Hindi Song,Melody Songs Box,256611,605,2
2026-04-05 18:07:59,PATRIOT Official Trailer Reaction | Mammootty Mohanlal Mahesh Narayanan | Entertainment Kizhi,Entertainment Kizhi,68791,3227,504
2026-04-05 18:07:59,🔴LIVE - DYNAMO CONQUEROR RANK PUSH - DAY 14 #bgmi #shortslive,Dynamo Gaming,573057,10635,27
2026-04-05 18:07:59,"दिल परदेसी हो गया | Lata Mangeshkar, Kumar Sanu | Ajay Devgn, Manisha Koirala | Kachche Dhaage",Hit Playlist,148672,567,9
2026-04-05 18:07:59,Dridam Official Trailer |  Shane Nigam | Jeethu Joseph | Martin Joseph,E4 Entertainment,129446,5855,386
2026-04-05 18:07:59,"BE BOOYAH + FFMIC LAST DAY WATCH PARTY 🥶💀 || TG, GDR, S8UL 🇮🇳 vs BTR, WAG, BU, DRS #nonstopgaming",Nonstop Gaming,247408,12872,57
2026-04-05 18:07:59,Nas Nas Kyu Dukhei | पिया मेरी नस नस के हो दुखे | Anjali Raghav & Karan Chaudhary| Braj bhasha Song,Dil Hits Rajasthani ,59217,273,6
2026-04-05 18:07:59,Namit Malhotra’s Ramayana Rama Trailer • Reaction,thePJ,808951,44719,3963
2026-04-05 18:07:59,How I Hosted the Hardest Tournament in Minecraft,SenpaiExtras,400692,22968,1866
2026-04-05 18:07:59,BTS '2.0' MV Behind the Scenes,BANGTANTV,1453099,287316,10711
2026-04-05 18:07:59,Patriot Malayalam Trailer Reaction by u@UnniVlogs | Mammootty Mohanlal Mahesh Narayanan AntoJoseph,Unni Vlogs Cinephile,65926,1784,166
2026-04-05 18:07:59,Franklin Collecting The Most Amount Of Money Possible In GTA 5 Real !,Flight Gamer,225333,8699,1218
2026-04-05 18:07:59,HAPPY BIRTHDAY | Armaan Malik | Payal Malik | Kritika Malik | New Haryanvi Song | 2026,Number 1 Records,329275,17948,1129
2026-04-05 18:07:59,Ramayana Rama Teaser Breakdown,FlickVerse,804055,43494,5395
2026-04-05 18:07:59,Tiny Colourful Superhero Zombie Franklin Vs Tiny Colourful Colossal Titan in Indian Bike Driving 3D,NpsDude,253001,491,6
2026-04-05 18:07:59,Jailkhanwa Leli Janwa (जेलखनवा लेली जनवा) | JAILSTAR Movie Song | Raushan Rohi | Official Video 2026,Bhumi Original,564905,33352,1616
2026-04-05 18:07:59,Oru Durooha Saahacharyathil Official Trailer | Kunchacko Boban | Sajin Gopu | Ratheesh Balakrishnan,Magic Frames,667929,15616,526
2026-04-05 18:07:59,#1 EK SAPNA? | CONQUEROR OR WHAT | BGMI + Xtreme 125R/160R Review,LoLzZz Gaming,420694,23048,42
2026-04-05 18:07:59,"#Video - चोली के समान - #Ashish Yadav, Khushi Kakkar का आ गया लगन का सबसे ब्लास्ट - New #Magahi Song",Aashish Yadav Dhamaka,647703,2695,56
2026-04-05 18:07:59,"Raja Shivaji Teaser: Chhaava शी तुलना, Riteish Deshmukh Look चर्चेत, राजा शिवाजी सिनेमा गाजणार का ?",BolBhidu,56850,1037,520
2026-04-05 18:07:59,🔥GRANNY 1 KHELE 🔥 #shortsfeed #shortslive #chainedtogethergame #shorts #live #wormateio,VISHDEE is LIVE,384270,4117,1
2026-04-05 18:07:59,BTS (방탄소년단) '2.0' Official MV,HYBE LABELS,27227642,3261398,216331
2026-04-05 18:07:59,VAZHA 2 - Success Trailer | Vipin Das | Savin SA | Hashir | Ankit Menon | Vibin Varghese,Dropart Remix,56347,847,24
2026-04-05 18:33:34,"Rama | Namit Malhotra’s Ramayana | Nitesh Tiwari | Ranbir, Yash, Hans Zimmer & A.R. Rahman",Sony Music India,7525128,208291,21096
2026-04-05 18:33:34,Love Insurance Kompany - Trailer | Pradeep Ranganathan | Anirudh | Vignesh Shivan | Krithi Shetty,Sony Music South,13167207,148994,4899
2026-04-05 18:33:34,Minecraft But You Can Mine 1 BILLION Blocks!,ProBoiz 95,1496442,38149,4331
2026-04-05 18:33:34,#Raushan Rohi - कमरिया प काटा | #4kvideo #रंगदारी | #Srishti Bharti | #Shivani | Maghi Rangdari Song,Raushan Rohi Entertainment,1027675,45776,3035
2026-04-05 18:33:34,Dacoit Trailer (Telugu) | Adivi Sesh | Mrunal Thakur | Anurag Kashyap | Shaneil | Apr 10 In Theaters,Annapurna Studios,5997377,285676,1211
2026-04-05 18:33:34,"SURVIVING ₹1,00,000 MINECRAFT CHALLENGE",Ujjwal,1690530,81008,7304
2026-04-05 18:33:34,Pardesi Pardesi Jana Nahi - Lyrical | Aamir | Karisma | Udit Narayan | Alka Yagnik | Raja Hindustani,Bollywood_Music_Lounge,780742,2299,25
2026-04-05 18:33:34,Patriot Malayalam Trailer | Mammootty | Mohanlal | Mahesh Narayanan | Anto Joseph,Anto Joseph Film Company,3092011,107973,7874
2026-04-05 18:33:34,Adopting Doorbin in Minecraft..,Carry Depie,925612,19962,873
2026-04-05 18:33:34,#Video | बेलोरवा रोकी दे | #Aashish Yadav का नया दर्द भरा गीत | Belorwa Roki De | #New Sad Song 2026,Sonam Music,315840,17901,815
2026-04-05 18:33:34,Pallichattambi Official Trailer - Malayalam | Tovino Thomas | Dijo Jose Antony | World Wide Films,Sony Music Malayalam,709633,33472,1049
2026-04-05 18:33:34,GTA 5 LIVE  #gta5 #gtav #gaming,PAJI IS LIVE,1198017,3688,0
2026-04-05 18:33:34,#Video | नईहर जाईब ऐ राजा | #Ankush Raja | #Shivani Singh | #Astha Singh | Bhojpuri Song New,Ankush Raja Official,983289,10558,329
2026-04-05 18:33:34,Patriot (2026) | Trailer Reaction | Mammukka & Lalettan  | Malayalam,LifeofShazzam,287694,17111,828
2026-04-05 18:33:34,🔴[Live Free Fire New Rank Season Rank Push Live !!,VISHNU RAJPUT GAMING,812402,14295,14
2026-04-05 18:33:34,"Dil Kehta Hai Chal Unse Mil - 4K Video Song | Kumar Sanu, Alka Yagnik | Aamir Khan, Manisha Koirala",MusicBird Studio,588400,1163,15
2026-04-05 18:33:34,"Toaster | Official Trailer | Rajkummar Rao, Sanya Malhotra | Netflix India",Netflix India,5874762,29309,938
2026-04-05 18:33:34,Biggest GIRL streamer VS Satvik CRAZY FIGHT ,SATVIK,545643,21612,1966
2026-04-05 18:33:34,#Video | चुभ चुभ गड़े | #Khesari Lal Yadav | Jobanwa Chubh Chubh Gade Choliya Me | Bhojpuri Song 2026,GMJ - Global Music Junction - Bhojpuri,958260,65686,5552
2026-04-05 18:33:34,Nooru Sami - Official Teaser | Vijay Antony | Swasika |Ajay Dhishan|Lijomol Jose| Balaji Sriram|Sasi,Think Music India,293793,12075,253
2026-04-05 18:33:34,THIS  GAME  WILL  RAGEBAIT  YOU,BeastBoyShub,246493,24140,2046
2026-04-05 18:33:34,#Video | जेल यात्रा | #Raushan Rohi | Jail Yatra | #Maghi Rangdari Song 2026,Vocal Records,58489,202,2
2026-04-05 18:33:34,Youth Success Trailer | Ken Karunaas | Gv Prakash | Suraj Venjaramoodu ,G.V. Prakash Kumar,599910,13387,248
2026-04-05 18:33:34,Franklin & Shinchan Found a SECRET Super Bike Garage in GTA 5 Telugu | Dhanu Dino,DHANU DINO,183900,3583,100
2026-04-05 18:33:34,Akh Mastani | Ranjit Bawa | Bunty Bains | Desi Crew | Ronak Joshi | New Punjabi Song 2026,Speed Records,392295,4031,143
2026-04-05 18:33:34,Dridam Official Trailer |  Shane Nigam | Jeethu Joseph | Martin Joseph,E4 Entertainment,141426,6190,400
2026-04-05 18:33:34,9 Best Ways to Found Diamonds in Minecraft..,Karry Kraft,481750,7161,372
2026-04-05 18:33:34,Woh Tassavur Ka Aalam | Woh Pyaar Pyaar Pyaar | Udit & Alka | Aitraaz | Hindi Song,Melody Songs Box,259869,609,2
2026-04-05 18:33:34,Dreamland Season 2 (Official Trailer) Raj S Jhinjar | Dimple Bhullar | New Punjabi Web Series 2026,Brown String Records,183074,6342,2311
2026-04-05 18:33:34,🔴LIVE - DYNAMO CONQUEROR RANK PUSH - DAY 14 #bgmi #shortslive,Dynamo Gaming,573245,10648,27
2026-04-05 18:33:34,"दिल परदेसी हो गया | Lata Mangeshkar, Kumar Sanu | Ajay Devgn, Manisha Koirala | Kachche Dhaage",Hit Playlist,151295,570,9
2026-04-05 18:33:34,PATRIOT Official Trailer Reaction | Mammootty Mohanlal Mahesh Narayanan | Entertainment Kizhi,Entertainment Kizhi,69044,3234,505
2026-04-05 18:33:34,How I Hosted the Hardest Tournament in Minecraft,SenpaiExtras,410981,23126,1873
2026-04-05 18:33:34,BTS '2.0' MV Behind the Scenes,BANGTANTV,1490437,291734,10806
2026-04-05 18:33:34,Namit Malhotra’s Ramayana Rama Trailer • Reaction,thePJ,809383,44725,3963
2026-04-05 18:33:34,"BE BOOYAH + FFMIC LAST DAY WATCH PARTY 🥶💀 || TG, GDR, S8UL 🇮🇳 vs BTR, WAG, BU, DRS #nonstopgaming",Nonstop Gaming,248457,12904,57
2026-04-05 18:33:34,HAPPY BIRTHDAY | Armaan Malik | Payal Malik | Kritika Malik | New Haryanvi Song | 2026,Number 1 Records,333730,18066,1133
2026-04-05 18:33:34,Patriot Malayalam Trailer Reaction by u@UnniVlogs | Mammootty Mohanlal Mahesh Narayanan AntoJoseph,Unni Vlogs Cinephile,66119,1788,166
2026-04-05 18:33:34,Franklin Collecting The Most Amount Of Money Possible In GTA 5 Real !,Flight Gamer,229057,8729,1229
2026-04-05 18:33:34,Nas Nas Kyu Dukhei | पिया मेरी नस नस के हो दुखे | Anjali Raghav & Karan Chaudhary| Braj bhasha Song,Dil Hits Rajasthani ,61125,274,6
2026-04-05 18:33:34,Ramayana Rama Teaser Breakdown,FlickVerse,804407,43497,5396
2026-04-05 18:33:34,Tiny Colourful Superhero Zombie Franklin Vs Tiny Colourful Colossal Titan in Indian Bike Driving 3D,NpsDude,254077,492,6
2026-04-05 18:33:34,Jailkhanwa Leli Janwa (जेलखनवा लेली जनवा) | JAILSTAR Movie Song | Raushan Rohi | Official Video 2026,Bhumi Original,566786,33368,1616
2026-04-05 18:33:34,"Raja Shivaji Teaser: Chhaava शी तुलना, Riteish Deshmukh Look चर्चेत, राजा शिवाजी सिनेमा गाजणार का ?",BolBhidu,57323,1043,524
2026-04-05 18:33:34,#1 EK SAPNA? | CONQUEROR OR WHAT | BGMI + Xtreme 125R/160R Review,LoLzZz Gaming,420841,23051,42
2026-04-05 18:33:34,"#Video - चोली के समान - #Ashish Yadav, Khushi Kakkar का आ गया लगन का सबसे ब्लास्ट - New #Magahi Song",Aashish Yadav Dhamaka,651663,2704,56
2026-04-05 18:33:34,Oru Durooha Saahacharyathil Official Trailer | Kunchacko Boban | Sajin Gopu | Ratheesh Balakrishnan,Magic Frames,669227,15631,526
2026-04-05 18:33:34,"The PROTOTYPE Used Us To Kill DOEY, But He's Still ALIVE? 😨",The Wacky Teen,222436,15876,1160
2026-04-05 18:33:34,BTS (방탄소년단) '2.0' Official MV,HYBE LABELS,27294019,3263248,216417
2026-04-05 18:33:34,VAZHA 2 - Success Trailer | Vipin Das | Savin SA | Hashir | Ankit Menon | Vibin Varghese,Dropart Remix,58031,862,25
2026-04-06 01:52:27,"Rama | Namit Malhotra’s Ramayana | Nitesh Tiwari | Ranbir, Yash, Hans Zimmer & A.R. Rahman",Sony Music India,7645031,209460,21233
2026-04-06 01:52:27,Love Insurance Kompany - Trailer | Pradeep Ranganathan | Anirudh | Vignesh Shivan | Krithi Shetty,Sony Music South,13322038,151668,4988
2026-04-06 01:52:27,"250,000 UC X-SUIT OPENING🔝 | JONATHAN IS BACK!!🖤 | BGMI!",JONATHAN GAMING,2696424,276773,417
2026-04-06 01:52:27,#Raushan Rohi - कमरिया प काटा | #4kvideo #रंगदारी | #Srishti Bharti | #Shivani | Maghi Rangdari Song,Raushan Rohi Entertainment,1072945,46816,3084
2026-04-06 01:52:27,Dacoit Trailer (Telugu) | Adivi Sesh | Mrunal Thakur | Anurag Kashyap | Shaneil | Apr 10 In Theaters,Annapurna Studios,6354699,286656,1230
2026-04-06 01:52:27,Minecraft But You Can Mine 1 BILLION Blocks!,ProBoiz 95,1545478,38589,4354
2026-04-06 01:52:27,Pardesi Pardesi Jana Nahi - Lyrical | Aamir | Karisma | Udit Narayan | Alka Yagnik | Raja Hindustani,Bollywood_Music_Lounge,838428,2361,26
2026-04-06 01:52:27,Patriot Malayalam Trailer | Mammootty | Mohanlal | Mahesh Narayanan | Anto Joseph,Anto Joseph Film Company,3253007,109566,7959
2026-04-06 01:52:27,"SURVIVING ₹1,00,000 MINECRAFT CHALLENGE",Ujjwal,1737641,81838,7336
2026-04-06 01:52:27,#Video | जेल यात्रा | #Raushan Rohi | Jail Yatra | #Maghi Rangdari Song 2026,Vocal Records,66702,265,5
2026-04-06 01:52:27,Pallichattambi Official Trailer - Malayalam | Tovino Thomas | Dijo Jose Antony | World Wide Films,Sony Music Malayalam,864492,43470,1098
2026-04-06 01:52:27,Adopting Doorbin in Minecraft..,Carry Depie,942772,20127,879
2026-04-06 01:52:27,#Video | बेलोरवा रोकी दे | #Aashish Yadav का नया दर्द भरा गीत | Belorwa Roki De | #New Sad Song 2026,Sonam Music,330730,18278,822
2026-04-06 01:52:27,Patriot (2026) | Trailer Reaction | Mammukka & Lalettan  | Malayalam,LifeofShazzam,300406,17323,835
2026-04-06 01:52:27,DEADLY DUO IS BACK! | CONQUEROR RANK PUSH TO #1 | BGMI LIVE,LoLzZz Gaming,672797,33252,11
2026-04-06 01:52:27,#Video | नईहर जाईब ऐ राजा | #Ankush Raja | #Shivani Singh | #Astha Singh | Bhojpuri Song New,Ankush Raja Official,1024837,10833,334
2026-04-06 01:52:27,"Toaster | Official Trailer | Rajkummar Rao, Sanya Malhotra | Netflix India",Netflix India,6482370,30562,986
2026-04-06 01:52:27,GTA 5 LIVE  #gta5 #gtav #gaming,PAJI IS LIVE,1198099,3687,0
2026-04-06 01:52:27,#Video | चुभ चुभ गड़े | #Khesari Lal Yadav | Jobanwa Chubh Chubh Gade Choliya Me | Bhojpuri Song 2026,GMJ - Global Music Junction - Bhojpuri,1000102,66810,5598
2026-04-06 01:52:27,Nooru Sami - Official Teaser | Vijay Antony | Swasika |Ajay Dhishan|Lijomol Jose| Balaji Sriram|Sasi,Think Music India,450394,12298,257
2026-04-06 01:52:27,🔴[Live Free Fire New Rank Season Rank Push Live !!,VISHNU RAJPUT GAMING,813789,14327,14
2026-04-06 01:52:27,"Dil Kehta Hai Chal Unse Mil - 4K Video Song | Kumar Sanu, Alka Yagnik | Aamir Khan, Manisha Koirala",MusicBird Studio,632971,1205,15
2026-04-06 01:52:27,Youth Success Trailer | Ken Karunaas | Gv Prakash | Suraj Venjaramoodu ,G.V. Prakash Kumar,609759,13452,252
2026-04-06 01:52:27,Biggest GIRL streamer VS Satvik CRAZY FIGHT ,SATVIK,581265,22292,2004
2026-04-06 01:52:27,Woh Tassavur Ka Aalam | Woh Pyaar Pyaar Pyaar | Udit & Alka | Aitraaz | Hindi Song,Melody Songs Box,281011,627,2
2026-04-06 01:52:27,Dridam Official Trailer |  Shane Nigam | Jeethu Joseph | Martin Joseph,E4 Entertainment,249984,7209,479
2026-04-06 01:52:27,COCA COLA vs PEPSI Drink Battle in Minecraft..,Karry Kraft,348522,6154,371
2026-04-06 01:52:27,Akh Mastani | Ranjit Bawa | Bunty Bains | Desi Crew | Ronak Joshi | New Punjabi Song 2026,Speed Records,495989,4436,151
2026-04-06 01:52:27,Dreamland Season 2 (Official Trailer) Raj S Jhinjar | Dimple Bhullar | New Punjabi Web Series 2026,Brown String Records,207696,6572,2352
2026-04-06 01:52:27,THIS  GAME  WILL  RAGEBAIT  YOU,BeastBoyShub,320900,26462,2126
2026-04-06 01:52:27,"दिल परदेसी हो गया | Lata Mangeshkar, Kumar Sanu | Ajay Devgn, Manisha Koirala | Kachche Dhaage",Hit Playlist,164705,593,10
2026-04-06 01:52:27,PATRIOT Official Trailer Reaction | Mammootty Mohanlal Mahesh Narayanan | Entertainment Kizhi,Entertainment Kizhi,71304,3263,508
2026-04-06 01:52:27,Franklin & Shinchan Found a SECRET Super Bike Garage in GTA 5 Telugu | Dhanu Dino,DHANU DINO,185760,3642,100
2026-04-06 01:52:27,BTS '2.0' MV Behind the Scenes,BANGTANTV,1935472,339179,11679
2026-04-06 01:52:27,"Raja Shivaji Teaser: Chhaava शी तुलना, Riteish Deshmukh Look चर्चेत, राजा शिवाजी सिनेमा गाजणार का ?",BolBhidu,61243,1081,557
2026-04-06 01:52:27,🔴LIVE - DYNAMO CONQUEROR RANK PUSH - DAY 14 #bgmi #shortslive,Dynamo Gaming,575052,10706,28
2026-04-06 01:52:27,HAPPY BIRTHDAY | Armaan Malik | Payal Malik | Kritika Malik | New Haryanvi Song | 2026,Number 1 Records,362325,18563,1158
2026-04-06 01:52:27,Namit Malhotra’s Ramayana Rama Trailer • Reaction,thePJ,813030,44792,3972
2026-04-06 01:52:27,Aaj Hogi Garage Opening & official हत्यार Shop Dealing | TLRP,shreeman legend live,112626,12610,11
2026-04-06 01:52:27,Nas Nas Kyu Dukhei | पिया मेरी नस नस के हो दुखे | Anjali Raghav & Karan Chaudhary| Braj bhasha Song,Dil Hits Rajasthani ,66778,283,8
2026-04-06 01:52:27,Patriot Malayalam Trailer Reaction by u@UnniVlogs | Mammootty Mohanlal Mahesh Narayanan AntoJoseph,Unni Vlogs Cinephile,68311,1805,166
2026-04-06 01:52:27,How I Hosted the Hardest Tournament in Minecraft,SenpaiExtras,446442,23913,1908
2026-04-06 01:52:27,Teri Yaadon Ki Chadar Odhe Official Video Dil Ne Tera Naam Liya #bollywood #hindisong #2026,Vk Bhakti Geet,120284,577,8
2026-04-06 01:52:27,Ramayana Rama Teaser Breakdown,FlickVerse,807986,43542,5403
2026-04-06 01:52:27,"BE BOOYAH + FFMIC LAST DAY WATCH PARTY 🥶💀 || TG, GDR, S8UL 🇮🇳 vs BTR, WAG, BU, DRS #nonstopgaming",Nonstop Gaming,254561,13026,62
2026-04-06 01:52:27,Jailkhanwa Leli Janwa (जेलखनवा लेली जनवा) | JAILSTAR Movie Song | Raushan Rohi | Official Video 2026,Bhumi Original,576661,33586,1625
2026-04-06 01:52:27,Oru Durooha Saahacharyathil Official Trailer | Kunchacko Boban | Sajin Gopu | Ratheesh Balakrishnan,Magic Frames,678210,15672,526
2026-04-06 01:52:27,Franklin Collecting The Most Amount Of Money Possible In GTA 5 Real !,Flight Gamer,240178,8941,1255
2026-04-06 01:52:27,"#Video - चोली के समान - #Ashish Yadav, Khushi Kakkar का आ गया लगन का सबसे ब्लास्ट - New #Magahi Song",Aashish Yadav Dhamaka,675637,2795,56
2026-04-06 01:52:27,VAZHA 2 - Success Trailer | Vipin Das | Savin SA | Hashir | Ankit Menon | Vibin Varghese,Dropart Remix,67521,916,32
2026-04-06 07:21:11,"Rama | Namit Malhotra’s Ramayana | Nitesh Tiwari | Ranbir, Yash, Hans Zimmer & A.R. Rahman",Sony Music India,7734364,211253,21396
2026-04-06 07:21:11,Love Insurance Kompany - Trailer | Pradeep Ranganathan | Anirudh | Vignesh Shivan | Krithi Shetty,Sony Music South,13468697,157454,5169
2026-04-06 07:21:11,"250,000 UC X-SUIT OPENING🔝 | JONATHAN IS BACK!!🖤 | BGMI!",JONATHAN GAMING,2857899,286803,1007
2026-04-06 07:21:11,#Raushan Rohi - कमरिया प काटा | #4kvideo #रंगदारी | #Srishti Bharti | #Shivani | Maghi Rangdari Song,Raushan Rohi Entertainment,7753818,49892,3510
2026-04-06 07:21:11,Dacoit Trailer (Telugu) | Adivi Sesh | Mrunal Thakur | Anurag Kashyap | Shaneil | Apr 10 In Theaters,Annapurna Studios,7069080,289314,1265
2026-04-06 07:21:11,Minecraft But You Can Mine 1 BILLION Blocks!,ProBoiz 95,1623585,40129,4431
2026-04-06 07:21:11,#Video | जेल यात्रा | #Raushan Rohi | Jail Yatra | #Maghi Rangdari Song 2026,Vocal Records,141448,518,8
2026-04-06 07:21:11,Patriot Malayalam Trailer | Mammootty | Mohanlal | Mahesh Narayanan | Anto Joseph,Anto Joseph Film Company,3340681,112153,8075
2026-04-06 07:21:11,GTA 5 LIVE  #gta5 #gtav #gaming,PAJI IS LIVE,841739,2650,0
2026-04-06 07:21:11,Pardesi Pardesi Jana Nahi - Lyrical | Aamir | Karisma | Udit Narayan | Alka Yagnik | Raja Hindustani,Bollywood_Music_Lounge,869219,2455,26
2026-04-06 07:21:11,Pallichattambi Official Trailer - Malayalam | Tovino Thomas | Dijo Jose Antony | World Wide Films,Sony Music Malayalam,1098774,45383,1099
2026-04-06 07:21:11,"SURVIVING ₹1,00,000 MINECRAFT CHALLENGE",Ujjwal,1790725,84140,7442
2026-04-06 07:21:11,Akh Mastani | Ranjit Bawa | Bunty Bains | Desi Crew | Ronak Joshi | New Punjabi Song 2026,Speed Records,718121,5761,187
2026-04-06 07:21:11,Patriot (2026) | Trailer Reaction | Mammukka & Lalettan  | Malayalam,LifeofShazzam,306993,17731,850
2026-04-06 07:21:11,COCA COLA vs PEPSI Drink Battle in Minecraft..,Karry Kraft,438697,7571,414
2026-04-06 07:21:11,#Video | बेलोरवा रोकी दे | #Aashish Yadav का नया दर्द भरा गीत | Belorwa Roki De | #New Sad Song 2026,Sonam Music,364836,19030,857
2026-04-06 07:21:11,"Toaster | Official Trailer | Rajkummar Rao, Sanya Malhotra | Netflix India",Netflix India,6601746,32925,1047
2026-04-06 07:21:11,Adopting Doorbin in Minecraft..,Carry Depie,984018,20860,917
2026-04-06 07:21:11,#Video | चुभ चुभ गड़े | #Khesari Lal Yadav | Jobanwa Chubh Chubh Gade Choliya Me | Bhojpuri Song 2026,GMJ - Global Music Junction - Bhojpuri,1069688,68972,5673
2026-04-06 07:21:11,Nooru Sami - Official Teaser | Vijay Antony | Swasika |Ajay Dhishan|Lijomol Jose| Balaji Sriram|Sasi,Think Music India,580534,12688,261
2026-04-06 07:21:11,DEADLY DUO IS BACK! | CONQUEROR RANK PUSH TO #1 | BGMI LIVE,LoLzZz Gaming,679920,33495,29
2026-04-06 07:21:11,"#Video - पिंजडा मे पंछी - #Ashish Yadav, #Shweta Sargam का दर्द भरा मगही सांग - Maghi Sad Song 2026",Shiva Films,59084,8510,528
2026-04-06 07:21:11,Youth Success Trailer | Ken Karunaas | Gv Prakash | Suraj Venjaramoodu ,G.V. Prakash Kumar,624303,13629,253
2026-04-06 07:21:11,Biggest GIRL streamer VS Satvik CRAZY FIGHT ,SATVIK,633223,23996,2128
2026-04-06 07:21:11,#Video | नईहर जाईब ऐ राजा | #Ankush Raja | #Shivani Singh | #Astha Singh | Bhojpuri Song New,Ankush Raja Official,1148885,11597,344
2026-04-06 07:21:11,Dridam Official Trailer |  Shane Nigam | Jeethu Joseph | Martin Joseph,E4 Entertainment,321431,9113,578
2026-04-06 07:21:11,🔴[Live Free Fire New Rank Season Rank Push Live !!,VISHNU RAJPUT GAMING,815322,14357,16
2026-04-06 07:21:11,"दिल परदेसी हो गया | Lata Mangeshkar, Kumar Sanu | Ajay Devgn, Manisha Koirala | Kachche Dhaage",Hit Playlist,194118,704,12
2026-04-06 07:21:11,Dreamland Season 2 (Official Trailer) Raj S Jhinjar | Dimple Bhullar | New Punjabi Web Series 2026,Brown String Records,232790,7368,2553
2026-04-06 07:21:11,THIS  GAME  WILL  RAGEBAIT  YOU,BeastBoyShub,355808,29402,2225
2026-04-06 07:21:11,Woh Tassavur Ka Aalam | Woh Pyaar Pyaar Pyaar | Udit & Alka | Aitraaz | Hindi Song,Melody Songs Box,309822,664,2
2026-04-06 07:21:11,"Raja Shivaji Teaser: Chhaava शी तुलना, Riteish Deshmukh Look चर्चेत, राजा शिवाजी सिनेमा गाजणार का ?",BolBhidu,66886,1197,617
2026-04-06 07:21:11,Franklin & Shinchan Found a SECRET Super Bike Garage in GTA 5 Telugu | Dhanu Dino,DHANU DINO,197398,3856,102
2026-04-06 07:21:11,"Dil Kehta Hai Chal Unse Mil - 4K Video Song | Kumar Sanu, Alka Yagnik | Aamir Khan, Manisha Koirala",MusicBird Studio,642933,1232,15
2026-04-06 07:21:11,PATRIOT Official Trailer Reaction | Mammootty Mohanlal Mahesh Narayanan | Entertainment Kizhi,Entertainment Kizhi,72426,3308,510
2026-04-06 07:21:11,GTA 5 LIVE | Train vs 100 Luxury Cars 😱🔥 कौन बचेगा?,Sunil Gaming,239851,1039,0
2026-04-06 07:21:11,BTS '2.0' MV Behind the Scenes,BANGTANTV,2211455,364860,12136
2026-04-06 07:21:11,DEVRANI v/s JETHANI | देवरानी v/s जेठानी | OFFICIAL TRAILER | TANUSHREE | NEW BHOJPURI FILM 2026 ,A S Films,117519,972,38
2026-04-06 07:21:11,Aaj Hogi Garage Opening & official हत्यार Shop Dealing | TLRP,shreeman legend live,119615,13182,46
2026-04-06 07:21:11,#Video | साड़ी के मोतिया झरी गेल | #Bhai Ji | #Shrishti Bharti | Sadi Ke Motiya Jhari Gel | New Song,Dhokhebaj Entertainment,55502,444,9
2026-04-06 07:21:11,Patriot Malayalam Trailer Reaction by u@UnniVlogs | Mammootty Mohanlal Mahesh Narayanan AntoJoseph,Unni Vlogs Cinephile,69620,1851,168
2026-04-06 07:21:11,How I Hosted the Hardest Tournament in Minecraft,SenpaiExtras,476999,25437,1966
2026-04-06 07:21:11,"Bheed Mein Tanhai Mein | 💘90s Jhankar💘 | Tumsa Nahin Dekha, 2004 | Udit Naryan Bheed Mein Tanhai",Bollywood Records,88715,356,6
2026-04-06 07:21:11,Namit Malhotra’s Ramayana Rama Trailer • Reaction,thePJ,814395,44867,3980
2026-04-06 07:21:11,"The PROTOTYPE Used Us To Kill DOEY, But He's Still ALIVE? 😨",The Wacky Teen,267872,18252,1274
2026-04-06 07:21:11,HAPPY BIRTHDAY | Armaan Malik | Payal Malik | Kritika Malik | New Haryanvi Song | 2026,Number 1 Records,383753,19429,1197
2026-04-06 07:21:11,Ramayana Rama Teaser Breakdown,FlickVerse,809951,43588,5407
2026-04-06 07:21:11,🔴LIVE - DYNAMO CONQUEROR RANK PUSH - DAY 14 #bgmi #shortslive,Dynamo Gaming,575679,10747,31
2026-04-06 07:21:11,Nas Nas Kyu Dukhei | पिया मेरी नस नस के हो दुखे | Anjali Raghav & Karan Chaudhary| Braj bhasha Song,Dil Hits Rajasthani ,75815,325,9
2026-04-06 07:21:11,VAZHA 2 - Success Trailer | Vipin Das | Savin SA | Hashir | Ankit Menon | Vibin Varghese,Dropart Remix,74225,1035,33
2026-04-06 12:55:06,"Rama | Namit Malhotra’s Ramayana | Nitesh Tiwari | Ranbir, Yash, Hans Zimmer & A.R. Rahman",Sony Music India,7878618,213079,21578
2026-04-06 12:55:06,"Bhooth Bangla -Official Trailer| Akshay Kumar, Tabu, Paresh, Wamiqa, Priyadarshan |In Cinemas 16 Apr",Balaji Motion Pictures,1703365,123366,8501
2026-04-06 12:55:06,"250,000 UC X-SUIT OPENING🔝 | JONATHAN IS BACK!!🖤 | BGMI!",JONATHAN GAMING,3035511,289850,1273
2026-04-06 12:55:06,#Video | जेल यात्रा | #Raushan Rohi | Jail Yatra | #Maghi Rangdari Song 2026,Vocal Records,285814,846,16
2026-04-06 12:55:06,Love Insurance Kompany - Trailer | Pradeep Ranganathan | Anirudh | Vignesh Shivan | Krithi Shetty,Sony Music South,13691097,162810,5338
2026-04-06 12:55:06,LEVEL 1 VS LEVEL 100 MINECRAFT WAVES,Ujjwal,868494,51891,5466
2026-04-06 12:55:06,#Raushan Rohi - कमरिया प काटा | #4kvideo #रंगदारी | #Srishti Bharti | #Shivani | Maghi Rangdari Song,Raushan Rohi Entertainment,7909207,52733,3843
2026-04-06 12:55:06,Dacoit Trailer (Telugu) | Adivi Sesh | Mrunal Thakur | Anurag Kashyap | Shaneil | Apr 10 In Theaters,Annapurna Studios,7838092,291188,2733
2026-04-06 12:55:06,Minecraft But You Can Mine 1 BILLION Blocks!,ProBoiz 95,1831271,42396,4574
2026-04-06 12:55:06,"#Video - पिंजडा मे पंछी - #Ashish Yadav, #Shweta Sargam का दर्द भरा मगही सांग - Maghi Sad Song 2026",Shiva Films,134506,11588,631
2026-04-06 12:55:06,Patriot Malayalam Trailer | Mammootty | Mohanlal | Mahesh Narayanan | Anto Joseph,Anto Joseph Film Company,3464848,114423,8201
2026-04-06 12:55:06,COCA COLA vs PEPSI Drink Battle in Minecraft..,Karry Kraft,614660,9152,458
2026-04-06 12:55:06,Akh Mastani | Ranjit Bawa | Bunty Bains | Desi Crew | Ronak Joshi | New Punjabi Song 2026,Speed Records,823450,6931,220
2026-04-06 12:55:06,Pallichattambi Official Trailer - Malayalam | Tovino Thomas | Dijo Jose Antony | World Wide Films,Sony Music Malayalam,1178014,46572,1385
2026-04-06 12:55:06,GTA 5 LIVE  #gta5 #gtav #gaming,PAJI IS LIVE,842292,2638,0
2026-04-06 12:55:06,Pardesi Pardesi Jana Nahi - Lyrical | Aamir | Karisma | Udit Narayan | Alka Yagnik | Raja Hindustani,Bollywood_Music_Lounge,903697,2507,26
2026-04-06 12:55:06,"Toaster | Official Trailer | Rajkummar Rao, Sanya Malhotra | Netflix India",Netflix India,6780225,35637,1108
2026-04-06 12:55:06,Adopting Doorbin in Minecraft..,Carry Depie,1063146,21802,969
2026-04-06 12:55:06,दुनिया का सबसे मीठा भजन | मेरे गिरधर तू ही सहारा है | Mere Girdhar Tu Hi Sahara Hai | Krishan Bhajan,VEERA MUSIC & FILMS,56875,224,0
2026-04-06 12:55:06,Patriot (2026) | Trailer Reaction | Mammukka & Lalettan  | Malayalam,LifeofShazzam,318276,18092,861
2026-04-06 12:55:06,MINECRAFT BUT FISHING GIVES OP STRUCTURES !!,Anshu Bisht,349329,31619,3662
2026-04-06 12:55:06,#Video | चुभ चुभ गड़े | #Khesari Lal Yadav | Jobanwa Chubh Chubh Gade Choliya Me | Bhojpuri Song 2026,GMJ - Global Music Junction - Bhojpuri,1141955,70673,5728
2026-04-06 12:55:06,Nooru Sami - Official Teaser | Vijay Antony | Swasika |Ajay Dhishan|Lijomol Jose| Balaji Sriram|Sasi,Think Music India,607904,13034,269
2026-04-06 12:55:06,Biggest GIRL streamer VS Satvik CRAZY FIGHT ,SATVIK,736013,25801,2286
2026-04-06 12:55:06,#Video | साड़ी के मोतिया झरी गेल | #Bhai Ji | #Shrishti Bharti | Sadi Ke Motiya Jhari Gel | New Song,Dhokhebaj Entertainment,95228,688,15
2026-04-06 12:55:06,Dridam Official Trailer |  Shane Nigam | Jeethu Joseph | Martin Joseph,E4 Entertainment,413848,10635,652
2026-04-06 12:55:06,DEADLY DUO IS BACK! | CONQUEROR RANK PUSH TO #1 | BGMI LIVE,LoLzZz Gaming,689620,33131,48
2026-04-06 12:55:06,"Bheed Mein Tanhai Mein | 💘90s Jhankar💘 | Tumsa Nahin Dekha, 2004 | Udit Naryan Bheed Mein Tanhai",Bollywood Records,139613,435,8
2026-04-06 12:55:06,Youth Success Trailer | Ken Karunaas | Gv Prakash | Suraj Venjaramoodu ,G.V. Prakash Kumar,648459,13790,254
2026-04-06 12:55:06,THIS  GAME  WILL  RAGEBAIT  YOU,BeastBoyShub,445681,32557,2342
2026-04-06 12:55:06,#Video | बेलोरवा रोकी दे | #Aashish Yadav का नया दर्द भरा गीत | Belorwa Roki De | #New Sad Song 2026,Sonam Music,398376,19584,870
2026-04-06 12:55:06,Kathanar -Trailer Historical decoding | Kanthaloor Salai | Paari Saalan and Varun Tamil podcast,Vallal Media,47377,1827,238
2026-04-06 12:55:06,🔴[Live Free Fire New Rank Season Rank Push Live !!,VISHNU RAJPUT GAMING,816500,14254,17
2026-04-06 12:55:06,"दिल परदेसी हो गया | Lata Mangeshkar, Kumar Sanu | Ajay Devgn, Manisha Koirala | Kachche Dhaage",Hit Playlist,230913,767,13
2026-04-06 12:55:06,Dreamland Season 2 (Official Trailer) Raj S Jhinjar | Dimple Bhullar | New Punjabi Web Series 2026,Brown String Records,326048,7971,2575
2026-04-06 12:55:06,Franklin & Shinchan Found a SECRET Super Bike Garage in GTA 5 Telugu | Dhanu Dino,DHANU DINO,227035,4374,116
2026-04-06 12:55:06,#Video | नईहर जाईब ऐ राजा | #Ankush Raja | #Shivani Singh | #Astha Singh | Bhojpuri Song New,Ankush Raja Official,1294877,12267,360
2026-04-06 12:55:06,"Bhooth Bangla  Trailer REACTION | Akshay Kumar, Tabu, Paresh, Wamiqa, Priyadarshan | ",Shubham Kumar,17452,1877,79
2026-04-06 12:55:06,How I Hosted the Hardest Tournament in Minecraft,SenpaiExtras,538297,27016,2010
2026-04-06 12:55:06,Woh Tassavur Ka Aalam | Woh Pyaar Pyaar Pyaar | Udit & Alka | Aitraaz | Hindi Song,Melody Songs Box,348660,699,2
2026-04-06 12:55:06,"Raja Shivaji Teaser: Chhaava शी तुलना, Riteish Deshmukh Look चर्चेत, राजा शिवाजी सिनेमा गाजणार का ?",BolBhidu,73032,1252,660
2026-04-06 12:55:06,WHO IS YOUR DADDY ? PT-#2,Nikku Gang,189900,3341,170
2026-04-06 12:55:06,"Dil Kehta Hai Chal Unse Mil - 4K Video Song | Kumar Sanu, Alka Yagnik | Aamir Khan, Manisha Koirala",MusicBird Studio,652185,1247,16
2026-04-06 12:55:06,PATRIOT Official Trailer Reaction | Mammootty Mohanlal Mahesh Narayanan | Entertainment Kizhi,Entertainment Kizhi,74046,3347,514
2026-04-06 12:55:06,"The PROTOTYPE Used Us To Kill DOEY, But He's Still ALIVE? 😨",The Wacky Teen,338915,20889,1393
2026-04-06 12:55:06,#Video | #Raushan Rohi - नरसंहार | #Srishti Bharti | Narsanhar | New Maghi #Rangdari Song 2026,Sati Music Hits,95153,9194,364
2026-04-06 12:55:06,VAZHA 2 - Success Trailer | Vipin Das | Savin SA | Hashir | Ankit Menon | Vibin Varghese,Dropart Remix,88863,1226,37
2026-04-06 12:55:06,Aaj Hogi Garage Opening & official हत्यार Shop Dealing | TLRP,shreeman legend live,131862,13471,67
2026-04-06 12:55:06,#videos    साड़ी के मोतिया   #Bhai Ji   #Shrishti Bharti   Sadi Ke Motiya   New Khortha Song 2026,Sati Music Studio,74716,287,1
2026-04-06 12:55:06,DEVRANI v/s JETHANI | देवरानी v/s जेठानी | OFFICIAL TRAILER | TANUSHREE | NEW BHOJPURI FILM 2026 ,A S Films,145756,1090,39
2026-04-06 18:47:38,"Rama | Namit Malhotra’s Ramayana | Nitesh Tiwari | Ranbir, Yash, Hans Zimmer & A.R. Rahman",Sony Music India,8061431,215414,21784
2026-04-06 18:47:38,"Bhooth Bangla -Official Trailer| Akshay Kumar, Tabu, Paresh, Wamiqa, Priyadarshan |In Cinemas 16 Apr",Balaji Motion Pictures,10716646,211448,12172
2026-04-06 18:47:38,"250,000 UC X-SUIT OPENING🔝 | JONATHAN IS BACK!!🖤 | BGMI!",JONATHAN GAMING,3150757,295058,1456
2026-04-06 18:47:38,#Video | जेल यात्रा | #Raushan Rohi | Jail Yatra | #Maghi Rangdari Song 2026,Vocal Records,427530,1176,19
2026-04-06 18:47:38,Love Insurance Kompany - Trailer | Pradeep Ranganathan | Anirudh | Vignesh Shivan | Krithi Shetty,Sony Music South,14193231,168716,5494
2026-04-06 18:47:38,LEVEL 1 VS LEVEL 100 MINECRAFT WAVES,Ujjwal,1359694,67270,6354
2026-04-06 18:47:38,#Raushan Rohi - कमरिया प काटा | #4kvideo #रंगदारी | #Srishti Bharti | #Shivani | Maghi Rangdari Song,Raushan Rohi Entertainment,8086881,56941,4275
2026-04-06 18:47:38,Dacoit Trailer (Telugu) | Adivi Sesh | Mrunal Thakur | Anurag Kashyap | Shaneil | Apr 10 In Theaters,Annapurna Studios,8077180,291941,2762
2026-04-06 18:47:38,🔴[Live Free Fire New Rank Season Rank Push Live !!,VISHNU RAJPUT GAMING,1372726,19439,7
2026-04-06 18:47:38,"#Video - पिंजडा मे पंछी - #Ashish Yadav, #Shweta Sargam का दर्द भरा मगही सांग - Maghi Sad Song 2026",Shiva Films,210856,14229,731
2026-04-06 18:47:38,Patriot Malayalam Trailer | Mammootty | Mohanlal | Mahesh Narayanan | Anto Joseph,Anto Joseph Film Company,3636545,117524,9295
2026-04-06 18:47:38,MINECRAFT BUT FISHING GIVES OP STRUCTURES !!,Anshu Bisht,622743,42998,4618
2026-04-06 18:47:38,"MAIN AUR TU (Full Video) | Dhurandhar The Revenge | Ranveer Singh |Shashwat Sachdev,Jasmine|Aditya D",T-Series,311048,10020,566
2026-04-06 18:47:38,Pallichattambi Official Trailer - Malayalam | Tovino Thomas | Dijo Jose Antony | World Wide Films,Sony Music Malayalam,1306636,48232,1474
2026-04-06 18:47:38,I Pretended to be a Noob then Used Secret Dinosaur in Minecraft..,Carry Depie,393472,6483,524
2026-04-06 18:47:38,"Bheed Mein Tanhai Mein | 💘90s Jhankar💘 | Tumsa Nahin Dekha, 2004 | Udit Naryan Bheed Mein Tanhai",Bollywood Records,194973,551,10
2026-04-06 18:47:38,Apna hi joke copy kar rahe hai - Bhooth Bangla Trailer,BnfTV,280974,18724,1212
2026-04-06 18:47:38,COCA COLA vs PEPSI Drink Battle in Minecraft..,Karry Kraft,732554,9929,474
2026-04-06 18:47:38,"Janam Jatta Me || Gaurav Dhingia & Ritika Rathee || Latest Haryanvi Song 2026 "" Tarun Panchal ",Tarun Panchal,112968,422,6
2026-04-06 18:47:38,Bhooth Bangla Trailer Review | Yogi Bolta Hai,YOGI BOLTA HAI,289727,16373,1304
2026-04-06 18:47:38,Minecraft But You Can Mine 1 BILLION Blocks!,ProBoiz 95,2038858,44444,4678
2026-04-06 18:47:38,Akh Mastani | Ranjit Bawa | Bunty Bains | Desi Crew | Ronak Joshi | New Punjabi Song 2026,Speed Records,1075668,8131,246
2026-04-06 18:47:38,Bad Boy Karthik Trailer | Naga Shaurya | Vidhi Yadav | Samuthirakani | Harris Jayraj |  Ramesh,T-Series Telugu,205932,9239,379
2026-04-06 18:47:38,GTA 5 LIVE  #gta5 #gtav #gaming,PAJI IS LIVE,842240,2638,0
2026-04-06 18:47:38,#Video | साड़ी के मोतिया झरी गेल | #Bhai Ji | #Shrishti Bharti | Sadi Ke Motiya Jhari Gel | New Song,Dhokhebaj Entertainment,129096,850,18
2026-04-06 18:47:38,Bhooth Bangla Trailer REVIEW | Deeksha Sharma,Filmi Indian,241525,13325,852
2026-04-06 18:47:38,Biggest GIRL streamer VS Satvik CRAZY FIGHT ,SATVIK,821848,27347,2373
2026-04-06 18:47:38,"#Video | बिगहा के बिगहा तहरा नामे क देहब | #Aditya Samrat, Khushi Kakar | New #Rangdaari Song 2026",Tanya Music,121035,646,16
2026-04-06 18:47:38,"Toaster | Official Trailer | Rajkummar Rao, Sanya Malhotra | Netflix India",Netflix India,8626691,38917,1173
2026-04-06 18:47:38,"SPOWER IS LIVE | What’s New with HERO XTREME? 1,00,000 UC CRATE OPENING  | BGMI | SPOWER GAMING |",SPower Gaming,290025,25264,221
2026-04-06 18:47:38,#Video | चुभ चुभ गड़े | #Khesari Lal Yadav | Jobanwa Chubh Chubh Gade Choliya Me | Bhojpuri Song 2026,GMJ - Global Music Junction - Bhojpuri,1226998,72919,5827
2026-04-06 18:47:38,Bhooth Bangla Trailer Breakdown,FlickVerse,150066,11258,572
2026-04-06 18:47:38,THIS  GAME  WILL  RAGEBAIT  YOU,BeastBoyShub,518989,35543,2431
2026-04-06 18:47:38,शहर में चीते घूम रहे हैं | Sahar Mey Chitey GHum Rahe Hai | Sanjay Yaduvanshi | Sanjay Sultanpuriya,Sanjay Sultanpuriya ,84932,10020,2561
2026-04-06 18:47:38,Patriot (2026) | Trailer Reaction | Mammukka & Lalettan  | Malayalam,LifeofShazzam,328359,18463,878
2026-04-06 18:47:38,What do MOBS DREAM in Minecraft?...,Junkeyy,196292,6492,455
2026-04-06 18:47:38,"दिल परदेसी हो गया | Lata Mangeshkar, Kumar Sanu | Ajay Devgn, Manisha Koirala | Kachche Dhaage",Hit Playlist,279529,857,13
2026-04-06 18:47:38,Nooru Sami - Official Teaser | Vijay Antony | Swasika |Ajay Dhishan|Lijomol Jose| Balaji Sriram|Sasi,Think Music India,788040,13576,277
2026-04-06 18:47:38,DEADLY DUO IS BACK! | CONQUEROR RANK PUSH TO #1 | BGMI LIVE,LoLzZz Gaming,696867,33235,52
2026-04-06 18:47:38,Pardesi Pardesi Jana Nahi - Lyrical | Aamir | Karisma | Udit Narayan | Alka Yagnik | Raja Hindustani,Bollywood_Music_Lounge,926610,2573,27
2026-04-06 18:47:38,Dridam Official Trailer |  Shane Nigam | Jeethu Joseph | Martin Joseph,E4 Entertainment,512579,12418,737
2026-04-06 18:47:38,Big Sank Game Fast Speed Special Day 110 Play 128 #shorta,SHIVAM S LIVE,1052142,1142,0
2026-04-06 18:47:38,दुनिया का सबसे मीठा भजन | मेरे गिरधर तू ही सहारा है | Mere Girdhar Tu Hi Sahara Hai | Krishan Bhajan,VEERA MUSIC & FILMS,57475,225,0
2026-04-06 18:47:38,Bhoot Bangla Trailer Review,PJ Explained,182865,11199,540
2026-04-06 18:47:38,INDIAN BIKE DRIVING 3D New Monster Secret Update😱,Target siblings Gamerz,127621,4316,608
2026-04-06 18:47:38,BTS '2.0' Dance Practice,BANGTANTV,1804311,431475,17050
2026-04-06 18:47:38,Bhoot Bangla Trailer REVIEW | Suraj Kumar,Suraj Kumar,59382,5215,806
2026-04-06 18:47:38,Franklin & Shinchan Found a SECRET Super Bike Garage in GTA 5 Telugu | Dhanu Dino,DHANU DINO,247379,4639,118
2026-04-06 18:47:38,#Video | बेलोरवा रोकी दे | #Aashish Yadav का नया दर्द भरा गीत | Belorwa Roki De | #New Sad Song 2026,Sonam Music,431185,20190,889
2026-04-06 18:47:38,Kathanar -Trailer Historical decoding | Kanthaloor Salai | Paari Saalan and Varun Tamil podcast,Vallal Media,66671,2287,318
